graph,order,size,time,iterations,error,technique,skip_check,skip_after
"min-1DeadEnd","5","6","1.707","0","0","pagerankNvgraph","0","0"
"min-1DeadEnd","5","6","0.584","17","1.3411e-7","pagerankCuda","0","0"
"min-1DeadEnd","5","6","0.598","17","1.3411e-7","pagerankCuda [skip-check]","2","0"
"min-1DeadEnd","5","6","0.598","17","1.3411e-7","pagerankCuda [skip-check]","3","0"
"min-1DeadEnd","5","6","0.613","17","1.3411e-7","pagerankCuda [skip-check]","4","0"
"min-1DeadEnd","5","6","0.597","17","1.3411e-7","pagerankCuda [skip-check]","6","0"
"min-1DeadEnd","5","6","0.599","17","1.3411e-7","pagerankCuda [skip-check]","8","0"
"min-1DeadEnd","5","6","0.599","17","1.3411e-7","pagerankCuda [skip-check]","11","0"
"min-1DeadEnd","5","6","0.601","17","1.3411e-7","pagerankCuda [skip-check]","14","0"
"min-1DeadEnd","5","6","0.598","17","1.3411e-7","pagerankCuda [skip-after]","0","2"
"min-1DeadEnd","5","6","0.6","17","1.3411e-7","pagerankCuda [skip-after]","0","3"
"min-1DeadEnd","5","6","0.597","17","1.3411e-7","pagerankCuda [skip-after]","0","4"
"min-1DeadEnd","5","6","0.6","17","1.3411e-7","pagerankCuda [skip-after]","0","6"
"min-1DeadEnd","5","6","0.629","17","1.3411e-7","pagerankCuda [skip-after]","0","8"
"min-1DeadEnd","5","6","0.604","17","1.3411e-7","pagerankCuda [skip-after]","0","11"
"min-1DeadEnd","5","6","0.602","17","1.3411e-7","pagerankCuda [skip-after]","0","14"
"min-1DeadEnd","5","6","0.602","17","1.3411e-7","pagerankCuda [skip-after]","0","17"
"min-1DeadEnd","5","6","0.606","17","1.3411e-7","pagerankCuda [skip-after]","0","21"
"min-1DeadEnd","5","6","0.604","17","1.3411e-7","pagerankCuda [skip-after]","0","25"
"min-1DeadEnd","5","6","0.6","17","1.3411e-7","pagerankCuda [skip-after]","0","29"
"min-1DeadEnd","5","6","0.6","17","1.3411e-7","pagerankCuda [skip-after]","0","33"
"min-1DeadEnd","5","6","0.601","17","1.3411e-7","pagerankCuda [skip-after]","0","38"
"min-1DeadEnd","5","6","0.62","17","1.3411e-7","pagerankCuda [skip-after]","0","43"
"min-1DeadEnd","5","6","0.608","17","1.3411e-7","pagerankCuda [skip-after]","0","48"
"min-1DeadEnd","5","6","0.599","17","1.3411e-7","pagerankCuda [skip-after]","0","53"
"min-1DeadEnd","5","6","0.602","17","1.3411e-7","pagerankCuda [skip-after]","0","58"
"min-1DeadEnd","5","6","0.6","17","1.3411e-7","pagerankCuda [skip-after]","0","63"
"min-2SCC","8","12","3.973","0","0","pagerankNvgraph","0","0"
"min-2SCC","8","12","1.412","40","9.127e-7","pagerankCuda","0","0"
"min-2SCC","8","12","2.372","67","0.0000054426","pagerankCuda [skip-check]","2","0"
"min-2SCC","8","12","2.754","78","0.0000051409","pagerankCuda [skip-check]","3","0"
"min-2SCC","8","12","3.142","89","0.0000062715","pagerankCuda [skip-check]","4","0"
"min-2SCC","8","12","4.226","119","0.0000082925","pagerankCuda [skip-check]","6","0"
"min-2SCC","8","12","4.871","138","0.000029184","pagerankCuda [skip-check]","8","0"
"min-2SCC","8","12","5.397","153","0.00027784","pagerankCuda [skip-check]","11","0"
"min-2SCC","8","12","6.575","186","0.00027737","pagerankCuda [skip-check]","14","0"
"min-2SCC","8","12","2.557","72","0.41368","pagerankCuda [skip-after]","0","2"
"min-2SCC","8","12","2.12","60","0.042336","pagerankCuda [skip-after]","0","3"
"min-2SCC","8","12","2.128","60","0.035985","pagerankCuda [skip-after]","0","4"
"min-2SCC","8","12","1.77","50","0.0031263","pagerankCuda [skip-after]","0","6"
"min-2SCC","8","12","1.433","40","0.00026832","pagerankCuda [skip-after]","0","8"
"min-2SCC","8","12","1.416","40","0.0000023935","pagerankCuda [skip-after]","0","11"
"min-2SCC","8","12","1.423","40","9.425e-7","pagerankCuda [skip-after]","0","14"
"min-2SCC","8","12","1.413","40","9.0897e-7","pagerankCuda [skip-after]","0","17"
"min-2SCC","8","12","1.414","40","9.127e-7","pagerankCuda [skip-after]","0","21"
"min-2SCC","8","12","1.421","40","9.127e-7","pagerankCuda [skip-after]","0","25"
"min-2SCC","8","12","1.417","40","9.127e-7","pagerankCuda [skip-after]","0","29"
"min-2SCC","8","12","1.428","40","9.127e-7","pagerankCuda [skip-after]","0","33"
"min-2SCC","8","12","1.412","40","9.127e-7","pagerankCuda [skip-after]","0","38"
"min-2SCC","8","12","1.429","40","9.127e-7","pagerankCuda [skip-after]","0","43"
"min-2SCC","8","12","1.415","40","9.127e-7","pagerankCuda [skip-after]","0","48"
"min-2SCC","8","12","1.414","40","9.127e-7","pagerankCuda [skip-after]","0","53"
"min-2SCC","8","12","1.421","40","9.127e-7","pagerankCuda [skip-after]","0","58"
"min-2SCC","8","12","1.414","40","9.127e-7","pagerankCuda [skip-after]","0","63"
"min-4SCC","21","35","4.365","0","0","pagerankNvgraph","0","0"
"min-4SCC","21","35","1.529","45","6.1188e-7","pagerankCuda","0","0"
"min-4SCC","21","35","2.203","64","0.0000048978","pagerankCuda [skip-check]","2","0"
"min-4SCC","21","35","2.464","71","0.0000049537","pagerankCuda [skip-check]","3","0"
"min-4SCC","21","35","2.598","75","0.0000055349","pagerankCuda [skip-check]","4","0"
"min-4SCC","21","35","2.981","86","0.0000049053","pagerankCuda [skip-check]","6","0"
"min-4SCC","21","35","3.344","97","0.000005261","pagerankCuda [skip-check]","8","0"
"min-4SCC","21","35","3.986","115","0.011742","pagerankCuda [skip-check]","11","0"
"min-4SCC","21","35","0.941","27","0.18267","pagerankCuda [skip-check]","14","0"
"min-4SCC","21","35","1.162","33","0.18021","pagerankCuda [skip-after]","0","2"
"min-4SCC","21","35","1.577","45","0.017565","pagerankCuda [skip-after]","0","3"
"min-4SCC","21","35","1.656","47","0.020432","pagerankCuda [skip-after]","0","4"
"min-4SCC","21","35","1.564","45","6.1188e-7","pagerankCuda [skip-after]","0","6"
"min-4SCC","21","35","1.571","45","6.1188e-7","pagerankCuda [skip-after]","0","8"
"min-4SCC","21","35","1.574","45","6.1188e-7","pagerankCuda [skip-after]","0","11"
"min-4SCC","21","35","1.572","45","6.1188e-7","pagerankCuda [skip-after]","0","14"
"min-4SCC","21","35","1.581","45","6.1188e-7","pagerankCuda [skip-after]","0","17"
"min-4SCC","21","35","1.572","45","6.1188e-7","pagerankCuda [skip-after]","0","21"
"min-4SCC","21","35","1.59","45","6.1188e-7","pagerankCuda [skip-after]","0","25"
"min-4SCC","21","35","1.57","45","6.1188e-7","pagerankCuda [skip-after]","0","29"
"min-4SCC","21","35","1.584","45","6.1188e-7","pagerankCuda [skip-after]","0","33"
"min-4SCC","21","35","1.569","45","6.1188e-7","pagerankCuda [skip-after]","0","38"
"min-4SCC","21","35","1.592","45","6.1188e-7","pagerankCuda [skip-after]","0","43"
"min-4SCC","21","35","1.57","45","6.1188e-7","pagerankCuda [skip-after]","0","48"
"min-4SCC","21","35","1.59","45","6.1188e-7","pagerankCuda [skip-after]","0","53"
"min-4SCC","21","35","1.569","45","6.1188e-7","pagerankCuda [skip-after]","0","58"
"min-4SCC","21","35","1.582","45","6.1188e-7","pagerankCuda [skip-after]","0","63"
"min-NvgraphEx","6","10","2.115","0","0","pagerankNvgraph","0","0"
"min-NvgraphEx","6","10","0.84","24","2.9802e-8","pagerankCuda","0","0"
"min-NvgraphEx","6","10","0.86","24","2.9802e-8","pagerankCuda [skip-check]","2","0"
"min-NvgraphEx","6","10","0.849","24","2.9802e-8","pagerankCuda [skip-check]","3","0"
"min-NvgraphEx","6","10","0.809","24","2.9802e-8","pagerankCuda [skip-check]","4","0"
"min-NvgraphEx","6","10","0.801","24","2.9802e-8","pagerankCuda [skip-check]","6","0"
"min-NvgraphEx","6","10","0.866","24","2.9802e-8","pagerankCuda [skip-check]","8","0"
"min-NvgraphEx","6","10","0.864","24","2.9802e-8","pagerankCuda [skip-check]","11","0"
"min-NvgraphEx","6","10","0.846","24","2.9802e-8","pagerankCuda [skip-check]","14","0"
"min-NvgraphEx","6","10","0.854","24","2.9802e-8","pagerankCuda [skip-after]","0","2"
"min-NvgraphEx","6","10","0.871","24","2.9802e-8","pagerankCuda [skip-after]","0","3"
"min-NvgraphEx","6","10","0.885","24","2.9802e-8","pagerankCuda [skip-after]","0","4"
"min-NvgraphEx","6","10","0.855","24","2.9802e-8","pagerankCuda [skip-after]","0","6"
"min-NvgraphEx","6","10","0.872","24","2.9802e-8","pagerankCuda [skip-after]","0","8"
"min-NvgraphEx","6","10","0.84","24","2.9802e-8","pagerankCuda [skip-after]","0","11"
"min-NvgraphEx","6","10","0.847","24","2.9802e-8","pagerankCuda [skip-after]","0","14"
"min-NvgraphEx","6","10","0.844","24","2.9802e-8","pagerankCuda [skip-after]","0","17"
"min-NvgraphEx","6","10","0.837","24","2.9802e-8","pagerankCuda [skip-after]","0","21"
"min-NvgraphEx","6","10","0.889","24","2.9802e-8","pagerankCuda [skip-after]","0","25"
"min-NvgraphEx","6","10","0.861","24","2.9802e-8","pagerankCuda [skip-after]","0","29"
"min-NvgraphEx","6","10","0.866","24","2.9802e-8","pagerankCuda [skip-after]","0","33"
"min-NvgraphEx","6","10","0.852","24","2.9802e-8","pagerankCuda [skip-after]","0","38"
"min-NvgraphEx","6","10","0.856","24","2.9802e-8","pagerankCuda [skip-after]","0","43"
"min-NvgraphEx","6","10","0.842","24","2.9802e-8","pagerankCuda [skip-after]","0","48"
"min-NvgraphEx","6","10","0.851","24","2.9802e-8","pagerankCuda [skip-after]","0","53"
"min-NvgraphEx","6","10","0.867","24","2.9802e-8","pagerankCuda [skip-after]","0","58"
"min-NvgraphEx","6","10","0.863","24","2.9802e-8","pagerankCuda [skip-after]","0","63"
"web-Stanford","281903","2312497","11.369","0","0","pagerankNvgraph","0","0"
"web-Stanford","281903","2312497","11.31","63","7.0093e-7","pagerankCuda","0","0"
"web-Stanford","281903","2312497","11.287","63","7.2373e-7","pagerankCuda [skip-check]","2","0"
"web-Stanford","281903","2312497","11.248","63","7.4006e-7","pagerankCuda [skip-check]","3","0"
"web-Stanford","281903","2312497","11.212","63","7.7844e-7","pagerankCuda [skip-check]","4","0"
"web-Stanford","281903","2312497","11.151","63","8.0185e-7","pagerankCuda [skip-check]","6","0"
"web-Stanford","281903","2312497","11.133","63","8.6063e-7","pagerankCuda [skip-check]","8","0"
"web-Stanford","281903","2312497","11.119","63","8.8629e-7","pagerankCuda [skip-check]","11","0"
"web-Stanford","281903","2312497","11.126","63","9.0245e-7","pagerankCuda [skip-check]","14","0"
"web-Stanford","281903","2312497","11.198","63","8.7156e-7","pagerankCuda [skip-after]","0","2"
"web-Stanford","281903","2312497","11.234","63","7.8722e-7","pagerankCuda [skip-after]","0","3"
"web-Stanford","281903","2312497","11.251","63","7.5437e-7","pagerankCuda [skip-after]","0","4"
"web-Stanford","281903","2312497","11.331","63","7.2077e-7","pagerankCuda [skip-after]","0","6"
"web-Stanford","281903","2312497","11.36","63","7.0945e-7","pagerankCuda [skip-after]","0","8"
"web-Stanford","281903","2312497","11.424","63","7.0336e-7","pagerankCuda [skip-after]","0","11"
"web-Stanford","281903","2312497","11.441","63","7.0224e-7","pagerankCuda [skip-after]","0","14"
"web-Stanford","281903","2312497","11.452","63","7.0153e-7","pagerankCuda [skip-after]","0","17"
"web-Stanford","281903","2312497","11.467","63","7.0097e-7","pagerankCuda [skip-after]","0","21"
"web-Stanford","281903","2312497","11.479","63","7.0094e-7","pagerankCuda [skip-after]","0","25"
"web-Stanford","281903","2312497","11.458","63","7.0093e-7","pagerankCuda [skip-after]","0","29"
"web-Stanford","281903","2312497","11.472","63","7.0093e-7","pagerankCuda [skip-after]","0","33"
"web-Stanford","281903","2312497","11.448","63","7.0093e-7","pagerankCuda [skip-after]","0","38"
"web-Stanford","281903","2312497","11.437","63","7.0093e-7","pagerankCuda [skip-after]","0","43"
"web-Stanford","281903","2312497","11.457","63","7.0093e-7","pagerankCuda [skip-after]","0","48"
"web-Stanford","281903","2312497","11.589","63","7.0093e-7","pagerankCuda [skip-after]","0","53"
"web-Stanford","281903","2312497","11.572","63","7.0093e-7","pagerankCuda [skip-after]","0","58"
"web-Stanford","281903","2312497","11.585","63","7.0093e-7","pagerankCuda [skip-after]","0","63"
"web-BerkStan","685230","7600595","16.682","0","0","pagerankNvgraph","0","0"
"web-BerkStan","685230","7600595","22.106","64","9.8197e-7","pagerankCuda","0","0"
"web-BerkStan","685230","7600595","22.606","64","9.9354e-7","pagerankCuda [skip-check]","2","0"
"web-BerkStan","685230","7600595","22.647","64","0.000001012","pagerankCuda [skip-check]","3","0"
"web-BerkStan","685230","7600595","22.456","64","0.0000010272","pagerankCuda [skip-check]","4","0"
"web-BerkStan","685230","7600595","22.292","64","0.0000010622","pagerankCuda [skip-check]","6","0"
"web-BerkStan","685230","7600595","22.464","64","0.0000010708","pagerankCuda [skip-check]","8","0"
"web-BerkStan","685230","7600595","22.188","64","0.0000011373","pagerankCuda [skip-check]","11","0"
"web-BerkStan","685230","7600595","22.268","64","0.0000011515","pagerankCuda [skip-check]","14","0"
"web-BerkStan","685230","7600595","22.522","64","0.0000010908","pagerankCuda [skip-after]","0","2"
"web-BerkStan","685230","7600595","22.61","64","0.0000010279","pagerankCuda [skip-after]","0","3"
"web-BerkStan","685230","7600595","22.73","64","9.9879e-7","pagerankCuda [skip-after]","0","4"
"web-BerkStan","685230","7600595","22.708","64","9.8114e-7","pagerankCuda [skip-after]","0","6"
"web-BerkStan","685230","7600595","22.856","64","9.7913e-7","pagerankCuda [skip-after]","0","8"
"web-BerkStan","685230","7600595","22.846","64","9.7978e-7","pagerankCuda [skip-after]","0","11"
"web-BerkStan","685230","7600595","22.961","64","9.7939e-7","pagerankCuda [skip-after]","0","14"
"web-BerkStan","685230","7600595","22.825","64","9.8178e-7","pagerankCuda [skip-after]","0","17"
"web-BerkStan","685230","7600595","22.986","64","9.8195e-7","pagerankCuda [skip-after]","0","21"
"web-BerkStan","685230","7600595","23.241","64","9.8197e-7","pagerankCuda [skip-after]","0","25"
"web-BerkStan","685230","7600595","22.87","64","9.8197e-7","pagerankCuda [skip-after]","0","29"
"web-BerkStan","685230","7600595","22.785","64","9.8197e-7","pagerankCuda [skip-after]","0","33"
"web-BerkStan","685230","7600595","23.067","64","9.8197e-7","pagerankCuda [skip-after]","0","38"
"web-BerkStan","685230","7600595","22.897","64","9.8197e-7","pagerankCuda [skip-after]","0","43"
"web-BerkStan","685230","7600595","22.89","64","9.8197e-7","pagerankCuda [skip-after]","0","48"
"web-BerkStan","685230","7600595","22.902","64","9.8197e-7","pagerankCuda [skip-after]","0","53"
"web-BerkStan","685230","7600595","22.978","64","9.8197e-7","pagerankCuda [skip-after]","0","58"
"web-BerkStan","685230","7600595","22.917","64","9.8197e-7","pagerankCuda [skip-after]","0","63"
"web-Google","916428","5105039","19.868","0","0","pagerankNvgraph","0","0"
"web-Google","916428","5105039","13.071","62","0.0000012552","pagerankCuda","0","0"
"web-Google","916428","5105039","13.69","62","0.0000012605","pagerankCuda [skip-check]","2","0"
"web-Google","916428","5105039","13.655","62","0.0000012693","pagerankCuda [skip-check]","3","0"
"web-Google","916428","5105039","13.663","62","0.0000012728","pagerankCuda [skip-check]","4","0"
"web-Google","916428","5105039","13.695","62","0.0000012798","pagerankCuda [skip-check]","6","0"
"web-Google","916428","5105039","13.67","62","0.0000012935","pagerankCuda [skip-check]","8","0"
"web-Google","916428","5105039","13.685","62","0.0000013312","pagerankCuda [skip-check]","11","0"
"web-Google","916428","5105039","13.716","62","0.000001354","pagerankCuda [skip-check]","14","0"
"web-Google","916428","5105039","13.74","62","0.0000012966","pagerankCuda [skip-after]","0","2"
"web-Google","916428","5105039","13.799","62","0.000001261","pagerankCuda [skip-after]","0","3"
"web-Google","916428","5105039","13.744","62","0.0000012565","pagerankCuda [skip-after]","0","4"
"web-Google","916428","5105039","13.77","62","0.0000012552","pagerankCuda [skip-after]","0","6"
"web-Google","916428","5105039","13.749","62","0.0000012552","pagerankCuda [skip-after]","0","8"
"web-Google","916428","5105039","13.758","62","0.0000012552","pagerankCuda [skip-after]","0","11"
"web-Google","916428","5105039","13.794","62","0.0000012552","pagerankCuda [skip-after]","0","14"
"web-Google","916428","5105039","13.758","62","0.0000012552","pagerankCuda [skip-after]","0","17"
"web-Google","916428","5105039","13.802","62","0.0000012552","pagerankCuda [skip-after]","0","21"
"web-Google","916428","5105039","13.737","62","0.0000012552","pagerankCuda [skip-after]","0","25"
"web-Google","916428","5105039","13.795","62","0.0000012552","pagerankCuda [skip-after]","0","29"
"web-Google","916428","5105039","13.787","62","0.0000012552","pagerankCuda [skip-after]","0","33"
"web-Google","916428","5105039","13.8","62","0.0000012552","pagerankCuda [skip-after]","0","38"
"web-Google","916428","5105039","13.773","62","0.0000012552","pagerankCuda [skip-after]","0","43"
"web-Google","916428","5105039","13.775","62","0.0000012552","pagerankCuda [skip-after]","0","48"
"web-Google","916428","5105039","13.739","62","0.0000012552","pagerankCuda [skip-after]","0","53"
"web-Google","916428","5105039","13.695","62","0.0000012552","pagerankCuda [skip-after]","0","58"
"web-Google","916428","5105039","13.757","62","0.0000012552","pagerankCuda [skip-after]","0","63"
"web-NotreDame","325729","1497134","9.024","0","0","pagerankNvgraph","0","0"
"web-NotreDame","325729","1497134","6.464","58","0.0000025289","pagerankCuda","0","0"
"web-NotreDame","325729","1497134","6.764","58","0.0000025295","pagerankCuda [skip-check]","2","0"
"web-NotreDame","325729","1497134","6.785","58","0.0000025305","pagerankCuda [skip-check]","3","0"
"web-NotreDame","325729","1497134","6.775","58","0.0000025308","pagerankCuda [skip-check]","4","0"
"web-NotreDame","325729","1497134","6.782","58","0.000002535","pagerankCuda [skip-check]","6","0"
"web-NotreDame","325729","1497134","6.759","58","0.0000025339","pagerankCuda [skip-check]","8","0"
"web-NotreDame","325729","1497134","6.747","58","0.0000025402","pagerankCuda [skip-check]","11","0"
"web-NotreDame","325729","1497134","6.756","58","0.0000025456","pagerankCuda [skip-check]","14","0"
"web-NotreDame","325729","1497134","6.825","58","0.0000025302","pagerankCuda [skip-after]","0","2"
"web-NotreDame","325729","1497134","6.852","58","0.0000025291","pagerankCuda [skip-after]","0","3"
"web-NotreDame","325729","1497134","6.785","58","0.0000025289","pagerankCuda [skip-after]","0","4"
"web-NotreDame","325729","1497134","6.859","58","0.0000025289","pagerankCuda [skip-after]","0","6"
"web-NotreDame","325729","1497134","6.819","58","0.0000025289","pagerankCuda [skip-after]","0","8"
"web-NotreDame","325729","1497134","6.857","58","0.0000025289","pagerankCuda [skip-after]","0","11"
"web-NotreDame","325729","1497134","6.811","58","0.0000025289","pagerankCuda [skip-after]","0","14"
"web-NotreDame","325729","1497134","6.826","58","0.0000025289","pagerankCuda [skip-after]","0","17"
"web-NotreDame","325729","1497134","6.849","58","0.0000025289","pagerankCuda [skip-after]","0","21"
"web-NotreDame","325729","1497134","6.851","58","0.0000025289","pagerankCuda [skip-after]","0","25"
"web-NotreDame","325729","1497134","6.847","58","0.0000025289","pagerankCuda [skip-after]","0","29"
"web-NotreDame","325729","1497134","6.809","58","0.0000025289","pagerankCuda [skip-after]","0","33"
"web-NotreDame","325729","1497134","6.859","58","0.0000025289","pagerankCuda [skip-after]","0","38"
"web-NotreDame","325729","1497134","6.849","58","0.0000025289","pagerankCuda [skip-after]","0","43"
"web-NotreDame","325729","1497134","6.823","58","0.0000025289","pagerankCuda [skip-after]","0","48"
"web-NotreDame","325729","1497134","6.871","58","0.0000025289","pagerankCuda [skip-after]","0","53"
"web-NotreDame","325729","1497134","6.837","58","0.0000025289","pagerankCuda [skip-after]","0","58"
"web-NotreDame","325729","1497134","6.85","58","0.0000025289","pagerankCuda [skip-after]","0","63"
"soc-Slashdot0811","77360","905468","6.932","0","0","pagerankNvgraph","0","0"
"soc-Slashdot0811","77360","905468","3.641","55","9.0883e-7","pagerankCuda","0","0"
"soc-Slashdot0811","77360","905468","3.76","55","9.0887e-7","pagerankCuda [skip-check]","2","0"
"soc-Slashdot0811","77360","905468","3.751","55","9.0891e-7","pagerankCuda [skip-check]","3","0"
"soc-Slashdot0811","77360","905468","3.757","55","9.0907e-7","pagerankCuda [skip-check]","4","0"
"soc-Slashdot0811","77360","905468","3.756","55","9.0901e-7","pagerankCuda [skip-check]","6","0"
"soc-Slashdot0811","77360","905468","3.742","55","9.0923e-7","pagerankCuda [skip-check]","8","0"
"soc-Slashdot0811","77360","905468","3.715","55","9.0914e-7","pagerankCuda [skip-check]","11","0"
"soc-Slashdot0811","77360","905468","4.156","55","9.0943e-7","pagerankCuda [skip-check]","14","0"
"soc-Slashdot0811","77360","905468","4.147","55","9.0886e-7","pagerankCuda [skip-after]","0","2"
"soc-Slashdot0811","77360","905468","4.157","55","9.0884e-7","pagerankCuda [skip-after]","0","3"
"soc-Slashdot0811","77360","905468","4.154","55","9.0883e-7","pagerankCuda [skip-after]","0","4"
"soc-Slashdot0811","77360","905468","4.153","55","9.0883e-7","pagerankCuda [skip-after]","0","6"
"soc-Slashdot0811","77360","905468","4.142","55","9.0883e-7","pagerankCuda [skip-after]","0","8"
"soc-Slashdot0811","77360","905468","4.1","55","9.0883e-7","pagerankCuda [skip-after]","0","11"
"soc-Slashdot0811","77360","905468","3.969","55","9.0883e-7","pagerankCuda [skip-after]","0","14"
"soc-Slashdot0811","77360","905468","3.989","55","9.0883e-7","pagerankCuda [skip-after]","0","17"
"soc-Slashdot0811","77360","905468","3.742","55","9.0883e-7","pagerankCuda [skip-after]","0","21"
"soc-Slashdot0811","77360","905468","3.772","55","9.0883e-7","pagerankCuda [skip-after]","0","25"
"soc-Slashdot0811","77360","905468","4.076","55","9.0883e-7","pagerankCuda [skip-after]","0","29"
"soc-Slashdot0811","77360","905468","4.091","55","9.0883e-7","pagerankCuda [skip-after]","0","33"
"soc-Slashdot0811","77360","905468","3.811","55","9.0883e-7","pagerankCuda [skip-after]","0","38"
"soc-Slashdot0811","77360","905468","3.767","55","9.0883e-7","pagerankCuda [skip-after]","0","43"
"soc-Slashdot0811","77360","905468","3.949","55","9.0883e-7","pagerankCuda [skip-after]","0","48"
"soc-Slashdot0811","77360","905468","3.773","55","9.0883e-7","pagerankCuda [skip-after]","0","53"
"soc-Slashdot0811","77360","905468","3.837","55","9.0883e-7","pagerankCuda [skip-after]","0","58"
"soc-Slashdot0811","77360","905468","3.975","55","9.0883e-7","pagerankCuda [skip-after]","0","63"
"soc-Slashdot0902","82168","948464","7.087","0","0","pagerankNvgraph","0","0"
"soc-Slashdot0902","82168","948464","4.222","56","8.2736e-7","pagerankCuda","0","0"
"soc-Slashdot0902","82168","948464","4.146","56","8.2736e-7","pagerankCuda [skip-check]","2","0"
"soc-Slashdot0902","82168","948464","4.157","56","8.274e-7","pagerankCuda [skip-check]","3","0"
"soc-Slashdot0902","82168","948464","4.145","56","8.2772e-7","pagerankCuda [skip-check]","4","0"
"soc-Slashdot0902","82168","948464","4.147","56","8.2751e-7","pagerankCuda [skip-check]","6","0"
"soc-Slashdot0902","82168","948464","4.169","56","8.2774e-7","pagerankCuda [skip-check]","8","0"
"soc-Slashdot0902","82168","948464","4.137","56","8.2829e-7","pagerankCuda [skip-check]","11","0"
"soc-Slashdot0902","82168","948464","4.211","56","8.2843e-7","pagerankCuda [skip-check]","14","0"
"soc-Slashdot0902","82168","948464","4.224","56","8.2736e-7","pagerankCuda [skip-after]","0","2"
"soc-Slashdot0902","82168","948464","4.221","56","8.2736e-7","pagerankCuda [skip-after]","0","3"
"soc-Slashdot0902","82168","948464","4.22","56","8.2736e-7","pagerankCuda [skip-after]","0","4"
"soc-Slashdot0902","82168","948464","4.223","56","8.2736e-7","pagerankCuda [skip-after]","0","6"
"soc-Slashdot0902","82168","948464","4.24","56","8.2736e-7","pagerankCuda [skip-after]","0","8"
"soc-Slashdot0902","82168","948464","4.221","56","8.2736e-7","pagerankCuda [skip-after]","0","11"
"soc-Slashdot0902","82168","948464","4.223","56","8.2736e-7","pagerankCuda [skip-after]","0","14"
"soc-Slashdot0902","82168","948464","4.222","56","8.2736e-7","pagerankCuda [skip-after]","0","17"
"soc-Slashdot0902","82168","948464","4.217","56","8.2736e-7","pagerankCuda [skip-after]","0","21"
"soc-Slashdot0902","82168","948464","4.216","56","8.2736e-7","pagerankCuda [skip-after]","0","25"
"soc-Slashdot0902","82168","948464","4.221","56","8.2736e-7","pagerankCuda [skip-after]","0","29"
"soc-Slashdot0902","82168","948464","4.244","56","8.2736e-7","pagerankCuda [skip-after]","0","33"
"soc-Slashdot0902","82168","948464","4.235","56","8.2736e-7","pagerankCuda [skip-after]","0","38"
"soc-Slashdot0902","82168","948464","4.223","56","8.2736e-7","pagerankCuda [skip-after]","0","43"
"soc-Slashdot0902","82168","948464","4.219","56","8.2736e-7","pagerankCuda [skip-after]","0","48"
"soc-Slashdot0902","82168","948464","4.224","56","8.2736e-7","pagerankCuda [skip-after]","0","53"
"soc-Slashdot0902","82168","948464","4.217","56","8.2736e-7","pagerankCuda [skip-after]","0","58"
"soc-Slashdot0902","82168","948464","4.209","56","8.2736e-7","pagerankCuda [skip-after]","0","63"
"soc-Epinions1","75888","508837","7.363","0","0","pagerankNvgraph","0","0"
"soc-Epinions1","75888","508837","3.685","54","0.0000014007","pagerankCuda","0","0"
"soc-Epinions1","75888","508837","3.663","54","0.0000014136","pagerankCuda [skip-check]","2","0"
"soc-Epinions1","75888","508837","3.663","54","0.000001457","pagerankCuda [skip-check]","3","0"
"soc-Epinions1","75888","508837","3.683","54","0.0000014741","pagerankCuda [skip-check]","4","0"
"soc-Epinions1","75888","508837","3.668","54","0.0000015229","pagerankCuda [skip-check]","6","0"
"soc-Epinions1","75888","508837","3.671","54","0.0000015732","pagerankCuda [skip-check]","8","0"
"soc-Epinions1","75888","508837","3.661","54","0.0000016682","pagerankCuda [skip-check]","11","0"
"soc-Epinions1","75888","508837","3.661","54","0.0000016952","pagerankCuda [skip-check]","14","0"
"soc-Epinions1","75888","508837","3.663","54","0.0000015585","pagerankCuda [skip-after]","0","2"
"soc-Epinions1","75888","508837","3.67","54","0.0000014459","pagerankCuda [skip-after]","0","3"
"soc-Epinions1","75888","508837","3.676","54","0.0000014306","pagerankCuda [skip-after]","0","4"
"soc-Epinions1","75888","508837","3.665","54","0.0000014025","pagerankCuda [skip-after]","0","6"
"soc-Epinions1","75888","508837","3.665","54","0.0000014008","pagerankCuda [skip-after]","0","8"
"soc-Epinions1","75888","508837","4.446","54","0.0000014007","pagerankCuda [skip-after]","0","11"
"soc-Epinions1","75888","508837","3.677","54","0.0000014007","pagerankCuda [skip-after]","0","14"
"soc-Epinions1","75888","508837","3.662","54","0.0000014007","pagerankCuda [skip-after]","0","17"
"soc-Epinions1","75888","508837","3.674","54","0.0000014007","pagerankCuda [skip-after]","0","21"
"soc-Epinions1","75888","508837","3.668","54","0.0000014007","pagerankCuda [skip-after]","0","25"
"soc-Epinions1","75888","508837","3.666","54","0.0000014007","pagerankCuda [skip-after]","0","29"
"soc-Epinions1","75888","508837","3.671","54","0.0000014007","pagerankCuda [skip-after]","0","33"
"soc-Epinions1","75888","508837","3.669","54","0.0000014007","pagerankCuda [skip-after]","0","38"
"soc-Epinions1","75888","508837","3.674","54","0.0000014007","pagerankCuda [skip-after]","0","43"
"soc-Epinions1","75888","508837","3.664","54","0.0000014007","pagerankCuda [skip-after]","0","48"
"soc-Epinions1","75888","508837","3.663","54","0.0000014007","pagerankCuda [skip-after]","0","53"
"soc-Epinions1","75888","508837","3.682","54","0.0000014007","pagerankCuda [skip-after]","0","58"
"soc-Epinions1","75888","508837","3.672","54","0.0000014007","pagerankCuda [skip-after]","0","63"
"coAuthorsDBLP","299067","1955352","8.118","0","0","pagerankNvgraph","0","0"
"coAuthorsDBLP","299067","1955352","3.922","45","0.0000029323","pagerankCuda","0","0"
"coAuthorsDBLP","299067","1955352","4.238","45","0.0000029374","pagerankCuda [skip-check]","2","0"
"coAuthorsDBLP","299067","1955352","4.221","45","0.0000029373","pagerankCuda [skip-check]","3","0"
"coAuthorsDBLP","299067","1955352","4.226","45","0.0000029428","pagerankCuda [skip-check]","4","0"
"coAuthorsDBLP","299067","1955352","4.23","45","0.0000029621","pagerankCuda [skip-check]","6","0"
"coAuthorsDBLP","299067","1955352","4.214","45","0.000002998","pagerankCuda [skip-check]","8","0"
"coAuthorsDBLP","299067","1955352","4.3","46","0.0000023539","pagerankCuda [skip-check]","11","0"
"coAuthorsDBLP","299067","1955352","4.307","46","0.0000027143","pagerankCuda [skip-check]","14","0"
"coAuthorsDBLP","299067","1955352","4.25","45","0.0000029653","pagerankCuda [skip-after]","0","2"
"coAuthorsDBLP","299067","1955352","3.95","45","0.0000029414","pagerankCuda [skip-after]","0","3"
"coAuthorsDBLP","299067","1955352","3.927","45","0.0000029359","pagerankCuda [skip-after]","0","4"
"coAuthorsDBLP","299067","1955352","3.932","45","0.000002933","pagerankCuda [skip-after]","0","6"
"coAuthorsDBLP","299067","1955352","4.16","45","0.0000029324","pagerankCuda [skip-after]","0","8"
"coAuthorsDBLP","299067","1955352","4.148","45","0.0000029323","pagerankCuda [skip-after]","0","11"
"coAuthorsDBLP","299067","1955352","4.146","45","0.0000029323","pagerankCuda [skip-after]","0","14"
"coAuthorsDBLP","299067","1955352","4.156","45","0.0000029323","pagerankCuda [skip-after]","0","17"
"coAuthorsDBLP","299067","1955352","4.162","45","0.0000029323","pagerankCuda [skip-after]","0","21"
"coAuthorsDBLP","299067","1955352","4.144","45","0.0000029323","pagerankCuda [skip-after]","0","25"
"coAuthorsDBLP","299067","1955352","4.164","45","0.0000029323","pagerankCuda [skip-after]","0","29"
"coAuthorsDBLP","299067","1955352","4.166","45","0.0000029323","pagerankCuda [skip-after]","0","33"
"coAuthorsDBLP","299067","1955352","4.147","45","0.0000029323","pagerankCuda [skip-after]","0","38"
"coAuthorsDBLP","299067","1955352","4.153","45","0.0000029323","pagerankCuda [skip-after]","0","43"
"coAuthorsDBLP","299067","1955352","4.154","45","0.0000029323","pagerankCuda [skip-after]","0","48"
"coAuthorsDBLP","299067","1955352","4.146","45","0.0000029323","pagerankCuda [skip-after]","0","53"
"coAuthorsDBLP","299067","1955352","4.158","45","0.0000029323","pagerankCuda [skip-after]","0","58"
"coAuthorsDBLP","299067","1955352","4.123","45","0.0000029323","pagerankCuda [skip-after]","0","63"
"coAuthorsCiteseer","227320","1628268","7.067","0","0","pagerankNvgraph","0","0"
"coAuthorsCiteseer","227320","1628268","3.831","48","0.0000021887","pagerankCuda","0","0"
"coAuthorsCiteseer","227320","1628268","3.859","48","0.0000021944","pagerankCuda [skip-check]","2","0"
"coAuthorsCiteseer","227320","1628268","3.832","48","0.0000021936","pagerankCuda [skip-check]","3","0"
"coAuthorsCiteseer","227320","1628268","3.831","48","0.0000022038","pagerankCuda [skip-check]","4","0"
"coAuthorsCiteseer","227320","1628268","3.833","48","0.0000022383","pagerankCuda [skip-check]","6","0"
"coAuthorsCiteseer","227320","1628268","3.851","48","0.0000022988","pagerankCuda [skip-check]","8","0"
"coAuthorsCiteseer","227320","1628268","3.839","48","0.0000024394","pagerankCuda [skip-check]","11","0"
"coAuthorsCiteseer","227320","1628268","3.857","48","0.0000027641","pagerankCuda [skip-check]","14","0"
"coAuthorsCiteseer","227320","1628268","3.898","48","0.0000022498","pagerankCuda [skip-after]","0","2"
"coAuthorsCiteseer","227320","1628268","4.611","48","0.0000022048","pagerankCuda [skip-after]","0","3"
"coAuthorsCiteseer","227320","1628268","3.891","48","0.0000021953","pagerankCuda [skip-after]","0","4"
"coAuthorsCiteseer","227320","1628268","3.905","48","0.0000021899","pagerankCuda [skip-after]","0","6"
"coAuthorsCiteseer","227320","1628268","3.891","48","0.000002189","pagerankCuda [skip-after]","0","8"
"coAuthorsCiteseer","227320","1628268","3.861","48","0.0000021887","pagerankCuda [skip-after]","0","11"
"coAuthorsCiteseer","227320","1628268","3.867","48","0.0000021887","pagerankCuda [skip-after]","0","14"
"coAuthorsCiteseer","227320","1628268","3.881","48","0.0000021887","pagerankCuda [skip-after]","0","17"
"coAuthorsCiteseer","227320","1628268","3.882","48","0.0000021887","pagerankCuda [skip-after]","0","21"
"coAuthorsCiteseer","227320","1628268","3.908","48","0.0000021887","pagerankCuda [skip-after]","0","25"
"coAuthorsCiteseer","227320","1628268","3.877","48","0.0000021887","pagerankCuda [skip-after]","0","29"
"coAuthorsCiteseer","227320","1628268","3.874","48","0.0000021887","pagerankCuda [skip-after]","0","33"
"coAuthorsCiteseer","227320","1628268","4.232","48","0.0000021887","pagerankCuda [skip-after]","0","38"
"coAuthorsCiteseer","227320","1628268","3.88","48","0.0000021887","pagerankCuda [skip-after]","0","43"
"coAuthorsCiteseer","227320","1628268","3.871","48","0.0000021887","pagerankCuda [skip-after]","0","48"
"coAuthorsCiteseer","227320","1628268","3.912","48","0.0000021887","pagerankCuda [skip-after]","0","53"
"coAuthorsCiteseer","227320","1628268","3.91","48","0.0000021887","pagerankCuda [skip-after]","0","58"
"coAuthorsCiteseer","227320","1628268","3.882","48","0.0000021887","pagerankCuda [skip-after]","0","63"
"soc-LiveJournal1","4847571","68993773","168.424","0","0","pagerankNvgraph","0","0"
"soc-LiveJournal1","4847571","68993773","162.337","51","0.0000032209","pagerankCuda","0","0"
"soc-LiveJournal1","4847571","68993773","169.842","51","0.000003222","pagerankCuda [skip-check]","2","0"
"soc-LiveJournal1","4847571","68993773","169.963","51","0.0000032265","pagerankCuda [skip-check]","3","0"
"soc-LiveJournal1","4847571","68993773","169.904","51","0.0000032348","pagerankCuda [skip-check]","4","0"
"soc-LiveJournal1","4847571","68993773","169.82","51","0.0000032375","pagerankCuda [skip-check]","6","0"
"soc-LiveJournal1","4847571","68993773","169.843","51","0.0000032464","pagerankCuda [skip-check]","8","0"
"soc-LiveJournal1","4847571","68993773","169.774","51","0.000003274","pagerankCuda [skip-check]","11","0"
"soc-LiveJournal1","4847571","68993773","170.497","51","0.000003319","pagerankCuda [skip-check]","14","0"
"soc-LiveJournal1","4847571","68993773","168.862","51","0.0000032294","pagerankCuda [skip-after]","0","2"
"soc-LiveJournal1","4847571","68993773","168.807","51","0.0000032247","pagerankCuda [skip-after]","0","3"
"soc-LiveJournal1","4847571","68993773","168.771","51","0.000003224","pagerankCuda [skip-after]","0","4"
"soc-LiveJournal1","4847571","68993773","168.737","51","0.0000032209","pagerankCuda [skip-after]","0","6"
"soc-LiveJournal1","4847571","68993773","168.713","51","0.0000032209","pagerankCuda [skip-after]","0","8"
"soc-LiveJournal1","4847571","68993773","168.717","51","0.0000032209","pagerankCuda [skip-after]","0","11"
"soc-LiveJournal1","4847571","68993773","169.499","51","0.0000032209","pagerankCuda [skip-after]","0","14"
"soc-LiveJournal1","4847571","68993773","168.802","51","0.0000032209","pagerankCuda [skip-after]","0","17"
"soc-LiveJournal1","4847571","68993773","168.865","51","0.0000032209","pagerankCuda [skip-after]","0","21"
"soc-LiveJournal1","4847571","68993773","168.743","51","0.0000032209","pagerankCuda [skip-after]","0","25"
"soc-LiveJournal1","4847571","68993773","168.943","51","0.0000032209","pagerankCuda [skip-after]","0","29"
"soc-LiveJournal1","4847571","68993773","168.862","51","0.0000032209","pagerankCuda [skip-after]","0","33"
"soc-LiveJournal1","4847571","68993773","168.817","51","0.0000032209","pagerankCuda [skip-after]","0","38"
"soc-LiveJournal1","4847571","68993773","169.524","51","0.0000032209","pagerankCuda [skip-after]","0","43"
"soc-LiveJournal1","4847571","68993773","169.056","51","0.0000032209","pagerankCuda [skip-after]","0","48"
"soc-LiveJournal1","4847571","68993773","168.912","51","0.0000032209","pagerankCuda [skip-after]","0","53"
"soc-LiveJournal1","4847571","68993773","168.8","51","0.0000032209","pagerankCuda [skip-after]","0","58"
"soc-LiveJournal1","4847571","68993773","168.851","51","0.0000032209","pagerankCuda [skip-after]","0","63"
"coPapersCiteseer","434102","32073440","26.205","0","0","pagerankNvgraph","0","0"
"coPapersCiteseer","434102","32073440","38.21","51","0.0000018962","pagerankCuda","0","0"
"coPapersCiteseer","434102","32073440","41.14","51","0.0000018998","pagerankCuda [skip-check]","2","0"
"coPapersCiteseer","434102","32073440","40.988","51","0.0000019005","pagerankCuda [skip-check]","3","0"
"coPapersCiteseer","434102","32073440","40.879","51","0.0000019097","pagerankCuda [skip-check]","4","0"
"coPapersCiteseer","434102","32073440","40.893","51","0.0000019184","pagerankCuda [skip-check]","6","0"
"coPapersCiteseer","434102","32073440","40.853","51","0.0000019356","pagerankCuda [skip-check]","8","0"
"coPapersCiteseer","434102","32073440","40.748","51","0.0000019963","pagerankCuda [skip-check]","11","0"
"coPapersCiteseer","434102","32073440","40.738","51","0.0000022087","pagerankCuda [skip-check]","14","0"
"coPapersCiteseer","434102","32073440","41.685","51","0.0000019323","pagerankCuda [skip-after]","0","2"
"coPapersCiteseer","434102","32073440","41.763","51","0.000001907","pagerankCuda [skip-after]","0","3"
"coPapersCiteseer","434102","32073440","41.803","51","0.0000019006","pagerankCuda [skip-after]","0","4"
"coPapersCiteseer","434102","32073440","41.868","51","0.0000018972","pagerankCuda [skip-after]","0","6"
"coPapersCiteseer","434102","32073440","41.927","51","0.0000018964","pagerankCuda [skip-after]","0","8"
"coPapersCiteseer","434102","32073440","41.887","51","0.0000018962","pagerankCuda [skip-after]","0","11"
"coPapersCiteseer","434102","32073440","41.905","51","0.0000018962","pagerankCuda [skip-after]","0","14"
"coPapersCiteseer","434102","32073440","41.842","51","0.0000018962","pagerankCuda [skip-after]","0","17"
"coPapersCiteseer","434102","32073440","41.87","51","0.0000018962","pagerankCuda [skip-after]","0","21"
"coPapersCiteseer","434102","32073440","41.891","51","0.0000018962","pagerankCuda [skip-after]","0","25"
"coPapersCiteseer","434102","32073440","41.871","51","0.0000018962","pagerankCuda [skip-after]","0","29"
"coPapersCiteseer","434102","32073440","41.843","51","0.0000018962","pagerankCuda [skip-after]","0","33"
"coPapersCiteseer","434102","32073440","41.872","51","0.0000018962","pagerankCuda [skip-after]","0","38"
"coPapersCiteseer","434102","32073440","41.881","51","0.0000018962","pagerankCuda [skip-after]","0","43"
"coPapersCiteseer","434102","32073440","41.887","51","0.0000018962","pagerankCuda [skip-after]","0","48"
"coPapersCiteseer","434102","32073440","41.871","51","0.0000018962","pagerankCuda [skip-after]","0","53"
"coPapersCiteseer","434102","32073440","41.891","51","0.0000018962","pagerankCuda [skip-after]","0","58"
"coPapersCiteseer","434102","32073440","41.854","51","0.0000018962","pagerankCuda [skip-after]","0","63"
"coPapersDBLP","540486","30491458","25.103","0","0","pagerankNvgraph","0","0"
"coPapersDBLP","540486","30491458","39.737","49","0.0000014561","pagerankCuda","0","0"
"coPapersDBLP","540486","30491458","42.517","49","0.0000014587","pagerankCuda [skip-check]","2","0"
"coPapersDBLP","540486","30491458","42.944","49","0.0000014596","pagerankCuda [skip-check]","3","0"
"coPapersDBLP","540486","30491458","42.482","49","0.000001462","pagerankCuda [skip-check]","4","0"
"coPapersDBLP","540486","30491458","42.777","49","0.0000014695","pagerankCuda [skip-check]","6","0"
"coPapersDBLP","540486","30491458","42.704","49","0.0000014838","pagerankCuda [skip-check]","8","0"
"coPapersDBLP","540486","30491458","42.71","49","0.0000015341","pagerankCuda [skip-check]","11","0"
"coPapersDBLP","540486","30491458","43.552","50","8.9967e-7","pagerankCuda [skip-check]","14","0"
"coPapersDBLP","540486","30491458","43.549","49","0.0000014805","pagerankCuda [skip-after]","0","2"
"coPapersDBLP","540486","30491458","43.12","49","0.0000014632","pagerankCuda [skip-after]","0","3"
"coPapersDBLP","540486","30491458","43.121","49","0.0000014589","pagerankCuda [skip-after]","0","4"
"coPapersDBLP","540486","30491458","43.113","49","0.0000014566","pagerankCuda [skip-after]","0","6"
"coPapersDBLP","540486","30491458","43.161","49","0.0000014562","pagerankCuda [skip-after]","0","8"
"coPapersDBLP","540486","30491458","43.446","49","0.0000014561","pagerankCuda [skip-after]","0","11"
"coPapersDBLP","540486","30491458","43.166","49","0.0000014561","pagerankCuda [skip-after]","0","14"
"coPapersDBLP","540486","30491458","43.11","49","0.0000014561","pagerankCuda [skip-after]","0","17"
"coPapersDBLP","540486","30491458","43.169","49","0.0000014561","pagerankCuda [skip-after]","0","21"
"coPapersDBLP","540486","30491458","43.114","49","0.0000014561","pagerankCuda [skip-after]","0","25"
"coPapersDBLP","540486","30491458","43.177","49","0.0000014561","pagerankCuda [skip-after]","0","29"
"coPapersDBLP","540486","30491458","43.072","49","0.0000014561","pagerankCuda [skip-after]","0","33"
"coPapersDBLP","540486","30491458","43.624","49","0.0000014561","pagerankCuda [skip-after]","0","38"
"coPapersDBLP","540486","30491458","43.075","49","0.0000014561","pagerankCuda [skip-after]","0","43"
"coPapersDBLP","540486","30491458","43.122","49","0.0000014561","pagerankCuda [skip-after]","0","48"
"coPapersDBLP","540486","30491458","43.093","49","0.0000014561","pagerankCuda [skip-after]","0","53"
"coPapersDBLP","540486","30491458","43.084","49","0.0000014561","pagerankCuda [skip-after]","0","58"
"coPapersDBLP","540486","30491458","43.147","49","0.0000014561","pagerankCuda [skip-after]","0","63"
"indochina-2004","7414866","194109311","194.552","0","0","pagerankNvgraph","0","0"
"indochina-2004","7414866","194109311","125.302","60","0.0000017981","pagerankCuda","0","0"
"indochina-2004","7414866","194109311","132.493","60","0.0000018041","pagerankCuda [skip-check]","2","0"
"indochina-2004","7414866","194109311","132.086","60","0.0000018134","pagerankCuda [skip-check]","3","0"
"indochina-2004","7414866","194109311","132.083","60","0.0000018331","pagerankCuda [skip-check]","4","0"
"indochina-2004","7414866","194109311","132.204","60","0.000001859","pagerankCuda [skip-check]","6","0"
"indochina-2004","7414866","194109311","132.074","60","0.0000018662","pagerankCuda [skip-check]","8","0"
"indochina-2004","7414866","194109311","131.148","60","0.0000019122","pagerankCuda [skip-check]","11","0"
"indochina-2004","7414866","194109311","132.39","60","0.0000018914","pagerankCuda [skip-check]","14","0"
"indochina-2004","7414866","194109311","133.82","60","0.0000018482","pagerankCuda [skip-after]","0","2"
"indochina-2004","7414866","194109311","133.925","60","0.0000018062","pagerankCuda [skip-after]","0","3"
"indochina-2004","7414866","194109311","134.163","60","0.0000018015","pagerankCuda [skip-after]","0","4"
"indochina-2004","7414866","194109311","134.123","60","0.0000017989","pagerankCuda [skip-after]","0","6"
"indochina-2004","7414866","194109311","134.177","60","0.0000017983","pagerankCuda [skip-after]","0","8"
"indochina-2004","7414866","194109311","134.044","60","0.0000017981","pagerankCuda [skip-after]","0","11"
"indochina-2004","7414866","194109311","135.257","60","0.0000017981","pagerankCuda [skip-after]","0","14"
"indochina-2004","7414866","194109311","134.197","60","0.0000017981","pagerankCuda [skip-after]","0","17"
"indochina-2004","7414866","194109311","134.122","60","0.0000017981","pagerankCuda [skip-after]","0","21"
"indochina-2004","7414866","194109311","134.21","60","0.0000017981","pagerankCuda [skip-after]","0","25"
"indochina-2004","7414866","194109311","134.669","60","0.0000017981","pagerankCuda [skip-after]","0","29"
"indochina-2004","7414866","194109311","134.467","60","0.0000017981","pagerankCuda [skip-after]","0","33"
"indochina-2004","7414866","194109311","134.192","60","0.0000017981","pagerankCuda [skip-after]","0","38"
"indochina-2004","7414866","194109311","137.017","60","0.0000017981","pagerankCuda [skip-after]","0","43"
"indochina-2004","7414866","194109311","134.22","60","0.0000017981","pagerankCuda [skip-after]","0","48"
"indochina-2004","7414866","194109311","134.02","60","0.0000017981","pagerankCuda [skip-after]","0","53"
"indochina-2004","7414866","194109311","134.022","60","0.0000017981","pagerankCuda [skip-after]","0","58"
"indochina-2004","7414866","194109311","134.01","60","0.0000017981","pagerankCuda [skip-after]","0","63"
"italy_osm","6686493","14027956","62.97","0","0","pagerankNvgraph","0","0"
"italy_osm","6686493","14027956","30.305","63","6.4568e-7","pagerankCuda","0","0"
"italy_osm","6686493","14027956","32.473","61","7.4904e-7","pagerankCuda [skip-check]","2","0"
"italy_osm","6686493","14027956","30.839","59","0.0000014211","pagerankCuda [skip-check]","3","0"
"italy_osm","6686493","14027956","30.537","59","0.0000031143","pagerankCuda [skip-check]","4","0"
"italy_osm","6686493","14027956","35.003","68","0.0000072723","pagerankCuda [skip-check]","6","0"
"italy_osm","6686493","14027956","40.109","78","0.000015777","pagerankCuda [skip-check]","8","0"
"italy_osm","6686493","14027956","48.431","97","0.000048546","pagerankCuda [skip-check]","11","0"
"italy_osm","6686493","14027956","54.387","109","0.000050809","pagerankCuda [skip-check]","14","0"
"italy_osm","6686493","14027956","27.919","54","0.0051983","pagerankCuda [skip-after]","0","2"
"italy_osm","6686493","14027956","29.777","57","0.002081","pagerankCuda [skip-after]","0","3"
"italy_osm","6686493","14027956","30.941","59","0.00089907","pagerankCuda [skip-after]","0","4"
"italy_osm","6686493","14027956","32.391","61","0.00019043","pagerankCuda [skip-after]","0","6"
"italy_osm","6686493","14027956","33.146","62","0.000044061","pagerankCuda [skip-after]","0","8"
"italy_osm","6686493","14027956","33.447","62","0.0000056064","pagerankCuda [skip-after]","0","11"
"italy_osm","6686493","14027956","33.791","62","9.6587e-7","pagerankCuda [skip-after]","0","14"
"italy_osm","6686493","14027956","33.921","62","3.6617e-7","pagerankCuda [skip-after]","0","17"
"italy_osm","6686493","14027956","34.956","62","2.9648e-7","pagerankCuda [skip-after]","0","21"
"italy_osm","6686493","14027956","35.095","63","6.5361e-7","pagerankCuda [skip-after]","0","25"
"italy_osm","6686493","14027956","35.313","63","6.4858e-7","pagerankCuda [skip-after]","0","29"
"italy_osm","6686493","14027956","35.488","63","6.4627e-7","pagerankCuda [skip-after]","0","33"
"italy_osm","6686493","14027956","35.636","63","6.461e-7","pagerankCuda [skip-after]","0","38"
"italy_osm","6686493","14027956","35.927","63","6.457e-7","pagerankCuda [skip-after]","0","43"
"italy_osm","6686493","14027956","36.219","63","6.4568e-7","pagerankCuda [skip-after]","0","48"
"italy_osm","6686493","14027956","36.512","63","6.4568e-7","pagerankCuda [skip-after]","0","53"
"italy_osm","6686493","14027956","36.911","63","6.4568e-7","pagerankCuda [skip-after]","0","58"
"italy_osm","6686493","14027956","36.587","63","6.4568e-7","pagerankCuda [skip-after]","0","63"
"great-britain_osm","7733822","16313034","76.535","0","0","pagerankNvgraph","0","0"
"great-britain_osm","7733822","16313034","39.514","67","1.6188e-7","pagerankCuda","0","0"
"great-britain_osm","7733822","16313034","44.061","66","7.5851e-7","pagerankCuda [skip-check]","2","0"
"great-britain_osm","7733822","16313034","43.291","65","6.1455e-7","pagerankCuda [skip-check]","3","0"
"great-britain_osm","7733822","16313034","43.184","65","0.0000010648","pagerankCuda [skip-check]","4","0"
"great-britain_osm","7733822","16313034","45.16","68","0.0000046148","pagerankCuda [skip-check]","6","0"
"great-britain_osm","7733822","16313034","50.914","77","0.000009718","pagerankCuda [skip-check]","8","0"
"great-britain_osm","7733822","16313034","56.402","86","0.000074848","pagerankCuda [skip-check]","11","0"
"great-britain_osm","7733822","16313034","69.683","108","0.000033306","pagerankCuda [skip-check]","14","0"
"great-britain_osm","7733822","16313034","43.874","63","0.0059135","pagerankCuda [skip-after]","0","2"
"great-britain_osm","7733822","16313034","45.305","65","0.0020193","pagerankCuda [skip-after]","0","3"
"great-britain_osm","7733822","16313034","45.753","66","0.00076227","pagerankCuda [skip-after]","0","4"
"great-britain_osm","7733822","16313034","45.985","66","0.00013069","pagerankCuda [skip-after]","0","6"
"great-britain_osm","7733822","16313034","46.404","67","0.00002548","pagerankCuda [skip-after]","0","8"
"great-britain_osm","7733822","16313034","46.606","67","0.0000025407","pagerankCuda [skip-after]","0","11"
"great-britain_osm","7733822","16313034","46.59","67","4.1564e-7","pagerankCuda [skip-after]","0","14"
"great-britain_osm","7733822","16313034","46.522","67","1.9203e-7","pagerankCuda [skip-after]","0","17"
"great-britain_osm","7733822","16313034","46.608","67","1.6934e-7","pagerankCuda [skip-after]","0","21"
"great-britain_osm","7733822","16313034","46.592","67","1.6476e-7","pagerankCuda [skip-after]","0","25"
"great-britain_osm","7733822","16313034","46.694","67","1.6345e-7","pagerankCuda [skip-after]","0","29"
"great-britain_osm","7733822","16313034","46.483","67","1.6216e-7","pagerankCuda [skip-after]","0","33"
"great-britain_osm","7733822","16313034","46.611","67","1.6193e-7","pagerankCuda [skip-after]","0","38"
"great-britain_osm","7733822","16313034","46.446","67","1.619e-7","pagerankCuda [skip-after]","0","43"
"great-britain_osm","7733822","16313034","46.554","67","1.6189e-7","pagerankCuda [skip-after]","0","48"
"great-britain_osm","7733822","16313034","46.481","67","1.6189e-7","pagerankCuda [skip-after]","0","53"
"great-britain_osm","7733822","16313034","46.537","67","1.6188e-7","pagerankCuda [skip-after]","0","58"
"great-britain_osm","7733822","16313034","46.632","67","1.6188e-7","pagerankCuda [skip-after]","0","63"
"germany_osm","11548845","24738362","114.236","0","0","pagerankNvgraph","0","0"
"germany_osm","11548845","24738362","61.798","65","2.0173e-7","pagerankCuda","0","0"
"germany_osm","11548845","24738362","68.16","64","7.6107e-7","pagerankCuda [skip-check]","2","0"
"germany_osm","11548845","24738362","67.068","63","6.803e-7","pagerankCuda [skip-check]","3","0"
"germany_osm","11548845","24738362","67.066","63","0.0000014628","pagerankCuda [skip-check]","4","0"
"germany_osm","11548845","24738362","72.836","68","0.0000048219","pagerankCuda [skip-check]","6","0"
"germany_osm","11548845","24738362","81.713","77","0.000010211","pagerankCuda [skip-check]","8","0"
"germany_osm","11548845","24738362","91.62","87","0.000072379","pagerankCuda [skip-check]","11","0"
"germany_osm","11548845","24738362","112.263","108","0.00003581","pagerankCuda [skip-check]","14","0"
"germany_osm","11548845","24738362","65.273","59","0.006783","pagerankCuda [skip-after]","0","2"
"germany_osm","11548845","24738362","68.872","62","0.0023386","pagerankCuda [skip-after]","0","3"
"germany_osm","11548845","24738362","69.967","63","0.00087856","pagerankCuda [skip-after]","0","4"
"germany_osm","11548845","24738362","70.723","64","0.00014568","pagerankCuda [skip-after]","0","6"
"germany_osm","11548845","24738362","71.757","65","0.000027502","pagerankCuda [skip-after]","0","8"
"germany_osm","11548845","24738362","71.566","65","0.0000026715","pagerankCuda [skip-after]","0","11"
"germany_osm","11548845","24738362","71.785","65","4.5898e-7","pagerankCuda [skip-after]","0","14"
"germany_osm","11548845","24738362","72.014","65","2.2768e-7","pagerankCuda [skip-after]","0","17"
"germany_osm","11548845","24738362","71.884","65","2.0494e-7","pagerankCuda [skip-after]","0","21"
"germany_osm","11548845","24738362","71.73","65","2.0182e-7","pagerankCuda [skip-after]","0","25"
"germany_osm","11548845","24738362","71.868","65","2.0115e-7","pagerankCuda [skip-after]","0","29"
"germany_osm","11548845","24738362","71.848","65","2.0135e-7","pagerankCuda [skip-after]","0","33"
"germany_osm","11548845","24738362","71.895","65","2.0149e-7","pagerankCuda [skip-after]","0","38"
"germany_osm","11548845","24738362","72.006","65","2.0159e-7","pagerankCuda [skip-after]","0","43"
"germany_osm","11548845","24738362","72.198","65","2.0164e-7","pagerankCuda [skip-after]","0","48"
"germany_osm","11548845","24738362","72.17","65","2.0168e-7","pagerankCuda [skip-after]","0","53"
"germany_osm","11548845","24738362","72.149","65","2.017e-7","pagerankCuda [skip-after]","0","58"
"germany_osm","11548845","24738362","72.252","65","2.0172e-7","pagerankCuda [skip-after]","0","63"
"asia_osm","11950757","25423206","107.852","0","0","pagerankNvgraph","0","0"
"asia_osm","11950757","25423206","51.515","63","6.7846e-7","pagerankCuda","0","0"
"asia_osm","11950757","25423206","56.176","62","2.58e-7","pagerankCuda [skip-check]","2","0"
"asia_osm","11950757","25423206","52.598","59","0.0000012513","pagerankCuda [skip-check]","3","0"
"asia_osm","11950757","25423206","52.976","60","0.0000021379","pagerankCuda [skip-check]","4","0"
"asia_osm","11950757","25423206","56.655","65","0.0000088289","pagerankCuda [skip-check]","6","0"
"asia_osm","11950757","25423206","66.589","77","0.000013475","pagerankCuda [skip-check]","8","0"
"asia_osm","11950757","25423206","73.713","86","0.00010219","pagerankCuda [skip-check]","11","0"
"asia_osm","11950757","25423206","92.24","109","0.0000425","pagerankCuda [skip-check]","14","0"
"asia_osm","11950757","25423206","48.451","55","0.004989","pagerankCuda [skip-after]","0","2"
"asia_osm","11950757","25423206","51.341","58","0.0019316","pagerankCuda [skip-after]","0","3"
"asia_osm","11950757","25423206","52.346","59","0.00080965","pagerankCuda [skip-after]","0","4"
"asia_osm","11950757","25423206","54.597","61","0.00016323","pagerankCuda [skip-after]","0","6"
"asia_osm","11950757","25423206","55.79","62","0.000036308","pagerankCuda [skip-after]","0","8"
"asia_osm","11950757","25423206","56.253","62","0.0000043585","pagerankCuda [skip-after]","0","11"
"asia_osm","11950757","25423206","57.774","63","0.000001172","pagerankCuda [skip-after]","0","14"
"asia_osm","11950757","25423206","58.012","63","7.3974e-7","pagerankCuda [skip-after]","0","17"
"asia_osm","11950757","25423206","58.274","63","6.9138e-7","pagerankCuda [skip-after]","0","21"
"asia_osm","11950757","25423206","59.162","63","6.8417e-7","pagerankCuda [skip-after]","0","25"
"asia_osm","11950757","25423206","59.8","63","6.8249e-7","pagerankCuda [skip-after]","0","29"
"asia_osm","11950757","25423206","60.012","63","6.8183e-7","pagerankCuda [skip-after]","0","33"
"asia_osm","11950757","25423206","60.267","63","6.8111e-7","pagerankCuda [skip-after]","0","38"
"asia_osm","11950757","25423206","61.416","63","6.8044e-7","pagerankCuda [skip-after]","0","43"
"asia_osm","11950757","25423206","61.767","63","6.7989e-7","pagerankCuda [skip-after]","0","48"
"asia_osm","11950757","25423206","61.721","63","6.7935e-7","pagerankCuda [skip-after]","0","53"
"asia_osm","11950757","25423206","62.17","63","6.7888e-7","pagerankCuda [skip-after]","0","58"
"asia_osm","11950757","25423206","62.226","63","6.7846e-7","pagerankCuda [skip-after]","0","63"
